Customer ID,Order ID,Order Date,Product ID,Product Name,Category,Quantity,Unit Price,Region,Total Amount
8a80ddb1-8615-4452-adce-db56c9385365,d929f0c8-5600-456b-9360-ae114e339871,2021-12-25,9c485900-229d-4b96-ac99-374754d40e1c,T-shirt,Accessories,2,55.23,North,110.46
ac664d43-893a-47a1-bdd7-139f73a360a7,38d57142-b1f3-4b25-ae2e-e7404d2df736,2022-10-08,3ff68652-ba71-4610-9284-71f778fd2819,Smartphone,Clothing,1,217.55,South,217.55
ebbc4ba3-d24f-4e25-a585-15c8e6bacbd7,58a7f2a2-5682-4510-b94e-cb56d076880d,2022-11-30,99ad1f2f-fa2e-4b27-8952-7b23249eeebc,T-shirt,Books,5,145.57,West,727.8499999999999
5f3f88e8-b638-4cfd-9af8-e14b63d9082f,12af190c-f3a3-4209-b7a7-fa7a66337df8,2023-02-12,b767b606-a5c1-46fc-83fa-78de163b8fce,Watch,Clothing,4,11.74,North,46.96
2029cf6c-dd8e-430c-ae24-586d3a5f422a,d283a232-0b04-49e9-bad3-6dcfd115b421,2023-02-17,15baeab4-63b9-4b98-a52f-40697bcd0c0f,Watch,Accessories,4,387.85,East,1551.4
46b3b1a0-9a5c-4994-9295-ac9eb78d13eb,11d121ed-bc97-46e3-a950-13496cc0b80f,2022-02-16,0951322d-e341-4ce0-bc31-5e9a171ed63d,Shoes,Home & Kitchen,3,322.19,North,966.5699999999999
76c5d7e3-f3e0-428a-bcae-e8f86d7c5688,25ddf1e2-dc7d-490a-a776-e219266488df,2021-10-25,27f768f8-bca7-4455-a3c7-597107e76c8d,Watch,Clothing,2,138.36,North,276.72
fd5a88d2-584d-42fb-9ab9-08cf53a511ad,8c0abda8-7fd8-4015-8cd0-dad8734cbb6b,2022-01-19,82b2ddc4-e060-4519-a9c1-d79691de65b4,T-shirt,Clothing,9,373.2,East,3358.7999999999997
ffd49093-45e8-4d9e-98ee-e9c5ec89e854,e072c3eb-9e41-45ff-8274-00c53eca019c,2022-11-21,181c3d45-7b95-42e5-95d4-6771da009080,Laptop,Home & Kitchen,2,280.32,North,560.64
9b663313-85c6-4379-8b0b-13d3980fd2b8,6e6791ce-d56a-40a9-a9b7-189e31567454,2021-08-21,86d5c818-9899-4018-9e9b-36f56c61da20,Headphones,Electronics,10,219.57,North,2195.7
662cade7-bc25-40c8-a74d-19b1d4f85bf5,136dd32c-1a27-42ad-a3dd-416684653f70,2023-05-22,b4fe1cf0-2b3e-4eda-a238-0d1295c37138,Smartphone,Books,7,14.74,South,103.18
f4b4ec46-cca9-4bb6-9b94-f70c2b4cef19,4bc8d8bc-24cf-4e50-9c51-e09ce5a2913b,2021-08-20,778a9ff2-5cb1-4d1e-829f-4239a05796e9,Blender,Electronics,1,46.87,East,46.87
9382697c-6ec0-4238-90a1-fa2161e5130d,457350dc-82f2-4190-babc-00f3d48cedc3,2023-07-21,88428f8c-5903-42cf-a8e1-d1741566fb78,Book,Electronics,1,442.72,East,442.72
b20a918f-8c70-4d28-8951-2e013f63eef3,1ed11aab-94fe-4d91-862c-e270be0c4b92,2023-07-19,cbd839c5-521d-4da5-853c-263552186094,Smartphone,Books,2,452.93,West,905.86
2413fb8d-4677-4da2-8ba9-d21da87e4e55,5947b79d-f183-4354-8de9-edc93e780a83,2021-10-30,0d17dd8b-d18e-4d47-8642-f83ba1a992b5,Smartphone,Books,4,277.34,West,1109.36
b8a0e459-f916-4db1-af12-7b3f7825cb16,852fbcfa-75b1-45a7-83aa-a6b96b962c47,2022-10-17,ab1a809a-f20b-4207-8715-9b16e908652e,Blender,Electronics,4,418.95,East,1675.8
f055f53b-c802-4341-bb84-768c35b64a36,a9f92679-3011-46e9-8d03-4fcc32d0bc7b,2022-08-02,75d1617c-7fd5-42f5-879a-1911f6b8834c,Microwave,Electronics,9,295.43,North,2658.87
f76b6b5b-cf8c-4168-8d09-b5274e88cc77,c5375f68-ded0-43fe-99b6-5f262db62e3e,2022-08-29,96479c8e-ea50-43ac-8af3-a07a6c05fe41,TV,Electronics,10,82.57,South,825.6999999999999
69bd0a06-cad8-451d-a69c-98d0e25679b8,3ab724d1-e218-472f-b670-23a5cab87a8b,2022-04-04,a5e794af-5c17-4ef0-9a42-1b6487078007,Smartphone,Books,1,72.45,North,72.45
116179cc-0260-43ca-890a-b8908545a588,8359150c-41dd-4959-b036-6fb612f716fe,2023-01-22,e94748ad-f067-4c31-b57c-ec062fa6eff6,Headphones,Books,9,161.05,North,1449.45
d364fec8-3009-4e33-8dcf-f779f447cd23,9fdd8e7e-a6c0-4e0e-bf85-486076818155,2023-07-09,6d402de4-7a89-4706-a4dc-66de05086cd4,Book,Books,4,450.5,West,1802.0
55ccd8fe-e6a7-4ec6-8571-7da47a3fb0a9,809f2bc9-2e53-4903-81c4-6de10e60ecde,2023-07-07,1f2b61ab-f2f4-4c3a-b5dd-7dc9d61a0c0b,Smartphone,Home & Kitchen,9,400.1,North,3600.9
9c2b8904-e9b2-49c6-bc6f-31239dd0a894,747c2791-bb29-4132-a049-359794d683e6,2023-02-09,60da6864-d85e-4d0c-95c4-a53daab3106d,Book,Home & Kitchen,7,431.74,East,3022.1800000000003
f0f122ad-a832-4549-8e86-bb793d185fc8,8ac85ad6-9fdc-4910-857b-c6784bcfa903,2023-02-06,3a0b453f-2ef2-4e30-a7c1-6b39adf86792,T-shirt,Clothing,4,450.47,East,1801.88
590efdc9-1d12-41ca-a7e7-c6f45149eb2d,ce8c39ed-1f7f-48a2-aebd-a17bf972c157,2022-12-30,c6ffaacf-81f0-4208-a7e7-666c4f77353f,Watch,Accessories,8,112.94,North,903.52
2f52f7b8-4a17-4d25-8273-ba43bfdd23e7,4fe432f6-198a-4de3-b872-8ad90014e249,2023-01-05,e58da026-864b-487b-9c8d-08e1392d5822,Blender,Books,10,132.27,North,1322.7
5db75b81-7319-43ee-8b05-014ecd6e7031,e40e0e57-a96f-4db8-979d-7b19c1df2d40,2021-12-15,162c504d-2609-4271-86ed-4725e3c1bfd1,T-shirt,Home & Kitchen,5,60.37,North,301.84999999999997
37859826-7a4d-45a2-8e45-1260b8fa7b30,7a5aa919-c498-4754-bf37-029adcd513b3,2021-12-02,e718d99c-829c-497a-b57d-f97adc7533d0,Blender,Clothing,1,392.26,North,392.26
78149ae7-c069-4897-a0c1-b0b64ee4f9fe,ed91fe73-8f38-472b-b13e-ff4ed5a85988,2022-07-05,05d73dcb-e538-4f91-aebb-5289aa13e140,Book,Clothing,3,443.23,East,1329.69
93436ee3-9cc2-4574-af3f-8816a939363c,83b80db2-2a79-4a9c-a321-22136ce586a3,2022-07-16,8c4a3644-85d1-407b-8b3f-093eed933741,Smartphone,Electronics,7,209.12,East,1463.8400000000001
277c5a31-2578-4de1-9cfd-e6e3c14e46d3,f284bb51-55c0-4010-9829-06eb68384cb6,2023-01-29,f8a0ef5e-717f-4725-8bc1-f1669fb61234,TV,Books,6,314.12,South,1884.72
0fabe6f5-246c-4b6b-ae47-7daecb176509,e8f779d0-d7af-42e7-8d51-cae2030216a8,2021-10-03,ef991016-caa7-4bf9-83bd-aa24b104a334,TV,Home & Kitchen,5,85.73,East,428.65000000000003
c785dce6-f4b1-4fa7-bdd0-033e208e9279,f05ac43e-5ea2-4ead-a8c1-56a08a69cff1,2021-11-23,e15dd62a-211d-4443-b954-bf4cf0eb7f63,TV,Electronics,3,465.64,South,1396.92
95e2e4a5-d1b4-4aa0-a285-2f8619a2cb4c,155ecfac-a4ef-4f85-88c9-93074c3eefaa,2023-04-12,19af4d1f-0c96-43ed-bebd-3c1e257b2b5f,Blender,Accessories,4,433.66,South,1734.64
449c6ff4-766d-4017-aa16-84da3c9acefb,55d16d55-2a0c-474e-98f9-6ef8b0fdbbc1,2022-08-22,5d77c9e4-ee67-445f-b1c3-307e68774a42,Blender,Home & Kitchen,6,488.34,East,2930.04
5795d311-28a1-4410-b0b5-889134428a66,aaf0cf26-f14a-418c-84a3-f60bb230fd30,2022-09-05,d00fc6b4-54e8-40d8-b172-fa4e66c47413,Shoes,Clothing,2,407.28,West,814.56
89bbb799-2ea5-4cf4-84a4-78a2b4387de8,e79dcdf9-9fec-4b6b-abde-dd4d976b933e,2022-08-13,71c3038e-b181-4f22-b8df-de35f50ae16e,T-shirt,Accessories,2,441.89,East,883.78
9babb93f-7c00-40ea-ab35-8895831a2129,dad1bc12-6bba-4a80-98cd-888dc25a0517,2023-07-15,efc346ba-33a0-4d5f-a956-5a5cee8cf3cd,Microwave,Accessories,7,22.15,North,155.04999999999998
c5f89caf-65ac-4385-aa13-265ed5add0a8,757566c7-2b84-4f18-8059-18c26efb3b9f,2023-03-04,b5cdf560-e604-4636-8868-f3db7853ee46,Laptop,Accessories,2,370.92,East,741.84
f0e4b833-8142-45f6-b7fa-e9ebed45924c,6162d510-5b81-4d38-8b53-6e12d550fa81,2022-09-09,332c39cd-2165-4275-80c5-ec1d9c2deaf4,Smartphone,Books,6,172.77,West,1036.6200000000001
dc68631c-f622-4855-b916-a12f9ab9bbd3,b0f44f8b-b686-4573-8529-18d2d6b504aa,2023-08-19,354b219f-7852-4b9d-b408-c6a47e45146b,Watch,Home & Kitchen,6,466.1,South,2796.6000000000004
8a4719f8-2448-4671-a0c4-f0b2ed9d9460,2e5c85ea-b4ae-4fac-87a0-6f72a21a2918,2022-12-12,385ca871-9392-4616-8042-f76151d71353,Microwave,Electronics,10,403.1,West,4031.0
e7abc66b-6362-4b6a-8640-82afd8edd38b,0e600b20-1199-4436-96f2-a451138da3a7,2022-05-16,649a1cbf-3163-4051-8bc0-c066b38392d5,Watch,Home & Kitchen,5,433.39,North,2166.95
fcb6bda5-3fa8-42ce-8c6b-6d594b49822a,84bdba3d-02f5-4f82-8f20-6b72a0e01bd0,2022-05-31,8786bd45-7691-4d67-ad78-e285b947a890,Blender,Clothing,1,407.27,West,407.27
f73c6f65-38a9-49ea-be20-9bc0bdf9a606,b14ea191-0704-4bdf-8cec-8cfcb702c76e,2021-10-08,9eb681d3-8321-4f51-8767-60f2ae6327c0,Microwave,Accessories,8,140.73,West,1125.84
664711bf-e76b-46cd-88a9-d76bc01cea6b,0b7856d8-28d5-4db1-94d0-4fbf79767b1f,2022-09-29,dfe771e2-2b2e-4a00-977c-cbf655429a8d,Smartphone,Books,9,395.81,South,3562.29
0c4a7f6c-6116-45e7-b596-56fbbf842bf6,300e0635-1824-435e-b874-dabc5970252e,2021-12-08,3b8b3dae-d5a1-466c-9c70-0851e6d89284,Shoes,Electronics,2,62.97,East,125.94
03693cb7-c0c4-4d76-9b8e-4326b964e2b6,62623452-d0fc-4c68-89d7-70e1b10e737c,2021-11-12,4af63c56-2ab9-4632-af13-00407450f8a7,Headphones,Home & Kitchen,7,437.36,East,3061.52
2122df0c-4cea-42a1-8c20-9936c1d5bbce,9b912dfb-b039-4aa4-b683-05c2c59f1b31,2022-04-18,6f41bcae-5d2a-42be-ad84-5224ac05f623,Smartphone,Books,2,430.71,South,861.42
fbd32732-af01-4d61-9a64-0e3d87d8ad02,9f524c37-cc2b-463b-9bdc-2f03c8e556d5,2022-10-06,bef9411e-1158-479c-8de7-4f25b11f96b1,Microwave,Electronics,9,118.99,East,1070.9099999999999
e36a5e66-55ca-4d1f-aeae-e060d8b8fca2,9e14c99f-b0ac-4aba-ac68-45699d940e96,2021-11-09,f125d419-f22e-42e3-a948-e57a0b105614,Shoes,Electronics,5,410.13,North,2050.65
bc566d10-6c09-414d-83de-3a023728b3e6,f8462c32-fc65-402c-9072-00d07a8c8e57,2022-09-15,74847e4d-b1e6-4856-ae27-307211983599,Book,Electronics,10,235.55,North,2355.5
c591820b-58d6-4d0d-8883-0283e93483d8,038e4691-f4b1-4456-8389-6b5396615b4e,2021-09-22,22731c09-8291-4486-a3c9-666027c7fb8b,Watch,Accessories,6,159.54,East,957.24
afde3d6a-f4c1-49b9-bdcd-1b25322c9504,94152ea2-2057-4583-9a71-a1103a571b05,2022-11-12,dff438ac-23f1-43ee-86db-2f768a7e35cf,Blender,Home & Kitchen,10,399.72,South,3997.2000000000003
5ded1653-b8ff-4fab-8387-af75b873f3de,009c768f-452f-421b-82e6-8ddb5c2457a7,2022-03-20,118a7c65-1333-4518-ad37-131588b7c3fe,Headphones,Home & Kitchen,4,121.52,East,486.08
beb4a769-6351-4d6a-a439-9a593b396a0c,f73aa23f-cb07-44c2-8838-54e9d6365d69,2023-06-02,4e7e28aa-790a-4460-9338-66bb8d23ce44,Smartphone,Accessories,2,21.6,North,43.2
c350c9a4-2552-4209-9150-57374d008e26,a89ba36f-c3f8-49b5-9a3c-690bf4065748,2022-05-21,18181275-d46c-4ebe-b913-2169bad36b6f,TV,Electronics,1,104.63,South,104.63
4d85b7a6-08db-4f32-8742-c495af4954b1,2e77cf62-1e81-4579-a996-407a3b12e1c4,2022-03-11,a2af86cc-7db4-46e0-ac75-f508f72488ce,Blender,Electronics,4,170.85,East,683.4
dcf2d302-36fd-4b19-902f-11c9d3c0a084,e2f67bcd-5e97-4bee-ac11-f4517f871787,2023-01-12,04ab2c88-c9e5-4551-ad41-3831da3ea533,Laptop,Home & Kitchen,5,433.53,West,2167.6499999999996
d33da272-7f88-49c7-9af0-ff705c095152,c6b4dee0-33fc-4a32-8690-5e0857683189,2022-10-05,75e46920-3237-4d47-8bf6-c72a3ca72c43,Blender,Electronics,2,483.78,East,967.56
262878ec-3c2d-4d05-92d7-17fb346ae141,bf87d93a-b1b8-4d55-9543-c3ad540d1706,2023-06-08,4b995faa-0ebd-471d-94b0-7895251b5281,Microwave,Clothing,4,146.77,West,587.08
4d32e0db-b808-4d00-a21b-3e1b1f3fb92e,5af539b0-e880-45cd-9bb4-c53cb2bf7998,2023-01-08,2ae74abb-2fb9-4dd1-83da-b39fcb8e0a2f,Microwave,Books,2,324.33,West,648.66
d341a551-8864-40fe-9d4a-b3a5019d38e0,b884d1dc-5ca8-4492-b830-b4bc22537967,2022-05-28,0502ecef-ab67-431a-9c3a-00248e4a5740,Microwave,Books,7,205.84,South,1440.88
4558e402-983f-4db4-9dcc-6ee27e354f59,4d85b387-523a-4456-b392-d80f03b849fc,2022-10-15,e3c91944-21ce-4441-b188-f923fdf5c07d,TV,Home & Kitchen,5,490.76,East,2453.8
372c1e54-09ca-4cd0-9f87-6c52a4b8493a,e55136b0-1912-4393-aa20-d6a661ff2b03,2022-08-31,aafcf119-5858-441a-807b-7869189afe80,Headphones,Accessories,8,272.75,West,2182.0
fd7d850c-3b09-4df0-b68f-71faec768636,2c8220bd-d462-4e9a-bf87-73b854bf4d4b,2022-11-29,4830eead-4f99-452d-8797-16facf553e66,Headphones,Books,6,470.23,North,2821.38
e8a85389-9931-4398-a2b8-99d41e722e21,9d1d62ee-338c-4465-956e-4ccccf31e4bc,2021-11-08,6e1bd90a-9d61-4279-9df2-a053c5c1adfe,Book,Clothing,3,66.52,East,199.56
3307b16a-120c-4525-b61e-b5745da463f6,80c88ed0-520c-4af0-915e-dbf6903ff6a2,2022-10-10,51aebf50-3ac2-477e-8b35-8b3006ea8edc,Smartphone,Books,6,485.5,North,2913.0
e9edd688-5c0c-4a1f-83cb-25ccabfcaf21,a62b224b-2edc-4183-84a8-37c5a2d11058,2021-12-14,d9148aaf-52ad-4106-8fec-14f2b6f7c0a4,Microwave,Home & Kitchen,6,97.5,North,585.0
7faf88b2-4aae-4307-bcfd-f52cd3857b91,c29c04ec-46fb-42c3-84e1-59258457a471,2023-06-06,f401b4a1-de00-49c5-bc8d-21ea3425b348,Smartphone,Books,4,481.64,South,1926.56
7dd7a18c-df29-4e9e-8d81-ba3bf52c5cdc,a302352d-e463-4ef4-aaa7-a34350b6fbb2,2022-10-17,d465eeff-4469-437d-8a41-7d8508e1464b,Blender,Accessories,5,140.08,South,700.4000000000001
82b7a6f8-ff34-4b1b-98f1-ddc9950c5293,58d5f6fe-267f-4beb-9388-5934ef68844a,2022-08-25,c46ab1cd-18f0-4171-a0f4-ff50d843d1da,Smartphone,Clothing,2,63.12,North,126.24
3c08192e-6d85-47c1-a3c4-9f454293d707,0e55854c-a3ce-40a8-95f7-41dd5ad3994b,2021-10-08,a5c37f37-b5e0-4f34-93a0-7f78e1598111,Watch,Electronics,10,222.94,South,2229.4
2fd66f1e-a546-459c-9115-17cf2573dd3d,7d102c16-7118-4204-8183-9b24fb5ff0be,2021-12-02,afaaf9e3-9d90-44b9-b8e0-fef031a58c18,TV,Electronics,3,366.99,East,1100.97
50511a4e-81d3-4833-8e95-39941f70834a,8edd1fc6-b42b-474b-a6b7-0ecf7f0034d6,2021-11-25,f4d4c7eb-2d50-49cb-87e9-6806d61b745b,Laptop,Clothing,9,163.7,East,1473.3
5e7537e0-64ca-4718-8a40-c12f67ac185c,3d2cc1da-5ece-4ea6-a2af-218845fa192d,2022-12-08,26b3ef80-091d-4e25-8ffb-26adf95af6cb,T-shirt,Home & Kitchen,4,307.04,North,1228.16
c3ea9b32-01b4-44af-b21e-a6e9c0b74c7a,d98eac53-7969-4952-8a65-4508510dd20e,2022-09-21,ce9c2d2d-5a14-4e87-8398-265497637514,Laptop,Electronics,3,260.6,West,781.8000000000001
0bd849b0-ed78-4ef7-947f-4ece27db79a4,858607c0-0715-4c9b-9a43-46e8639d6cfd,2022-11-09,249746b4-e7e9-4044-a3ff-3a0a94c0ea75,T-shirt,Clothing,8,198.75,South,1590.0
7d6e0e00-7106-439d-bc4b-1eea7c034269,efe1b29e-bf47-456e-8e78-4d32aa4c44e6,2021-09-29,e55dee59-4e91-4ecd-8583-25f08ee94225,TV,Electronics,7,292.53,South,2047.7099999999998
6bc5de03-c1e5-460d-9a2e-95128448de0a,306805aa-93cd-4dbb-a040-7a0e4ada61a9,2021-10-24,edef0522-8d77-4764-919c-0ae14ed61e14,Watch,Clothing,5,134.81,South,674.05
f67c5987-060b-415f-9adf-ca996aba4ef6,6e7f0f2e-a2d2-4164-ab7b-c08f5f9d1942,2022-10-14,5508ce6a-387a-4e29-8c89-1ee8ab1919d4,Headphones,Books,9,357.3,North,3215.7000000000003
32483c3b-2afa-494e-a784-0e5085b3f6af,7dbce2b2-2c2e-43ec-ba98-811f34895f72,2023-04-25,60b96690-6f7d-4c8c-9750-81f969c177b9,Laptop,Books,4,10.83,West,43.32
512f9a8e-f13a-465e-8b5d-e7d435c80119,afaeb7d8-ecf3-4d77-b5ff-20512fb05262,2022-03-29,eab316d7-1243-495d-8465-1ada939c9ae0,Shoes,Accessories,6,463.53,South,2781.18
bb29499d-b5a5-4504-9068-ac2ebc3faa20,97887534-1632-4a46-bff4-d6dd32d68b23,2023-04-14,6a83cc51-03ae-4d08-91e1-dfb045a4ad2f,Blender,Clothing,1,273.84,East,273.84
a24ffc9f-5603-4ce5-9cbf-5aa60202efa2,abdec193-9906-42a5-8ef7-cbbc47651d6d,2021-11-09,9e7c4011-b9b9-459b-a6c8-e62f7352c886,Watch,Clothing,4,362.52,North,1450.08
fe2e53a6-1073-48d5-b22b-68e75653efb4,87013ba3-295c-44db-8327-625679ad830b,2023-05-05,85e61db3-ec12-454c-84e0-96b63ffbfeec,Headphones,Home & Kitchen,1,373.56,East,373.56
f6e1b73e-6680-423d-86cc-9f6a20d9759a,a66186fd-08ee-42fb-acde-1d07f01c2edc,2022-11-19,7b7e8fce-08a2-496f-8ad4-77ef2fb736a9,Shoes,Electronics,6,338.61,South,2031.66
bb7a0242-9646-4a32-a615-492eafb0ca88,55a1d3f8-1894-449d-8330-c4476026fe02,2022-02-08,dfc1a81b-768f-4c1d-8a31-613bc01f1152,TV,Accessories,7,188.47,North,1319.29
1662b23c-4ec2-4801-ab99-21de327fcbba,85f9f559-db09-4bc6-b03c-bfda362f459c,2021-09-06,eba5c064-ca62-4e7b-842f-eac91726f5db,Shoes,Home & Kitchen,5,44.29,North,221.45
d6c37255-18f7-48d7-89c4-93aea004438a,c776c697-63a4-480b-ab00-4199163c8d8c,2021-12-04,1e76e245-acc2-45a6-bf60-52bcf90869a0,Shoes,Clothing,2,335.48,North,670.96
5fb163c7-0add-4b8f-8d3a-f4de33e0a449,80036129-91be-4c65-8eef-7dbf97289b62,2021-09-22,e2f1cfb5-4b6a-40b1-bba0-746e033f82ad,Book,Electronics,4,171.8,West,687.2
61ec700a-d0c6-48c1-abdf-550eab688f05,3e819f65-b062-4339-ac1f-f071eb83d915,2023-03-22,38530b7e-ba54-4ee2-95a7-9f00941992cf,Smartphone,Accessories,10,163.82,North,1638.1999999999998
1d395dd4-a4ed-444c-b1ba-8053b5f215b7,9482e7e7-e4f4-45fe-99b7-2a292c3de5bd,2022-08-05,ba506a2f-11b9-4c88-8833-aef20dd07312,T-shirt,Accessories,6,425.53,East,2553.18
4f2a0c7b-17c5-40eb-a7f7-1f5ff9520f6d,cbd61a30-e7e9-454d-a369-ebd43d7b7c57,2021-10-02,9b8d7ac9-b152-4ff6-a8f3-e2417f2cc2fe,TV,Home & Kitchen,4,362.68,West,1450.72
4d31c3b5-4639-4183-b8bb-e3bbdeac2382,d0330149-c98a-4a5e-9f91-8db1624382c5,2023-08-08,be5d1ad1-7a25-4335-9f9a-b14ecaa79ec4,TV,Home & Kitchen,8,157.16,South,1257.28
6d357116-28f9-42fb-a57c-a313219e4e08,c0345c45-0b5b-40b3-8098-4f23fcf0a895,2022-08-24,4273c306-1bfe-45d6-9d61-23492e22419c,Laptop,Books,7,161.55,West,1130.8500000000001
d3484d55-32bd-4ba6-80d0-6987d5e58192,c4ca63d0-fb46-40f8-9f36-e677ba3a44b4,2022-04-26,b64db173-ea8c-436e-9049-cc31214a59ce,Microwave,Clothing,8,210.11,South,1680.88
e40063a2-65aa-4b02-8274-2ee19cec75f8,61adc86f-23ed-4f24-a0bd-7a4051df6a1c,2022-07-15,7ce4ddf8-ce96-40ad-98a6-457ba93ecd60,Headphones,Home & Kitchen,3,207.18,South,621.54
547b7bd7-17f6-499a-960a-94d7322c7db1,ff2ebce1-7a27-4b42-b161-6ad487c58133,2021-11-29,7d98b76e-914e-4001-a2a6-40036a115cf9,Shoes,Books,5,154.87,North,774.35
f58bdac7-4977-4050-a89c-25d6af814d76,cb52d2e7-34f0-411c-8c6b-428af1838e7c,2023-04-02,9a07c65d-1120-4415-917b-4acb01b73cbf,TV,Accessories,3,72.37,North,217.11
8b2d4b62-1ab3-420d-90fe-d032571d548e,d203ec61-15c2-4f76-89a5-e9b8ec3f9579,2022-05-10,2f1136c2-1190-46b4-84db-09998a326f88,Smartphone,Home & Kitchen,4,216.02,North,864.08
5316f5f4-bdd8-437b-b38a-1b671076cda5,2baa9672-ecd3-47f9-b1cf-c03b3517e1e8,2023-01-17,f311ee4e-be1e-475b-899d-295ed5922f6d,Microwave,Books,9,470.78,West,4237.0199999999995
fed141ce-2d8b-4be3-b88c-34c2f858b37f,88dedcdc-ff2d-4b69-a380-1f6e0a570d3e,2023-01-10,8d156e63-1b80-4e43-bc70-32968b7b7e2b,Book,Books,9,341.89,West,3077.0099999999998
9bf9e9ce-d204-4efd-b446-2d9af83b227f,1838e56f-d282-4e8d-8bde-008bae91ce3c,2022-07-19,9675f11f-0386-46c1-bb6f-5c63ae25fee6,Watch,Clothing,5,452.37,West,2261.85
048dcc59-2b7a-4edb-8d7b-1b847411b658,fdf911b8-daf2-445a-a0f7-d96833ee6c59,2022-05-18,e934bf0d-c2d6-43c4-822f-57443172fe44,Microwave,Books,10,311.6,West,3116.0
2a2f039b-9e7d-4279-b84e-d3a0ff2252a6,889653a5-43a0-4b60-839d-5585b1b0295b,2023-07-16,80f72f72-ea84-488e-960c-f9733e7f19c0,TV,Accessories,7,157.47,East,1102.29
931accec-c997-44d2-8765-ddb842bbb4f1,9fcb40d1-a2e5-4297-8dbd-43f3830b4d8d,2021-12-29,bfda70dd-28c4-4bda-a805-2bce9b1ebd2e,Headphones,Books,10,278.49,East,2784.9
18327809-0331-43f8-ba58-e5242f760d36,68315379-6544-4bbc-836e-85ab3c361d0a,2022-11-01,4bd9b9b8-e015-4988-9c2b-0433fc487842,Shoes,Clothing,7,10.2,South,71.39999999999999
0653368b-822b-443c-a52c-c7d6341cedde,7332f9a6-ee2a-4b86-a454-7aa3ddb676ca,2023-05-06,aed708d5-48f4-4eb8-af79-46430af1a8dd,Watch,Clothing,6,150.59,North,903.54
3be70d74-bbad-4482-987a-72e8763254ce,7ba40014-e1b2-4756-bbe3-f1a8d15af793,2022-07-06,e2a2a209-f2d8-458c-9e0e-c4bc817d0267,Blender,Home & Kitchen,4,220.65,North,882.6
3dcc0cd3-ce78-4342-a007-04db5e817364,2d0b48de-d465-4041-81bf-cfde136755dd,2021-12-06,198fec88-10ea-4744-99f7-3863f5e32ca7,Shoes,Accessories,3,294.19,South,882.5699999999999
6c18668d-fa1a-4af3-aecd-31b085a0a83c,dcc4a058-fa42-4a41-9256-68e53bda90b6,2023-01-24,6722eab0-d371-433d-896d-fb7b94185ed3,Blender,Home & Kitchen,9,330.81,South,2977.29
81d1d084-e097-4448-a4b7-7066eb815d18,5ccd8d60-aeb9-4027-9459-805bf735579a,2022-06-02,e08451fa-c039-4d92-a8d1-b5630407ffa7,T-shirt,Clothing,8,237.84,North,1902.72
a5ec1a97-54bb-4b57-aa4f-5ba57794ea26,1732ab52-03b6-41d7-a1a5-7002438a3cc3,2021-10-11,b787aed9-16c8-4c49-b490-cea511311ac7,T-shirt,Clothing,2,226.66,East,453.32
72d2e4ff-b197-48a4-933c-f5ee0a1481be,1120abea-7a42-474a-ae8d-0915ad057110,2023-04-30,563bedd1-71b1-4d1b-af1b-810100c8710b,Smartphone,Home & Kitchen,1,114.71,North,114.71
d577302e-dfe4-431e-89fe-bf9ce52f1812,f8f587b8-068b-474d-9713-69df50336abf,2022-10-30,7c2e4d0c-4535-4edc-92ac-f5efa40536e1,Blender,Clothing,2,241.86,North,483.72
5ea7dc1d-d8b8-4ecf-9a3f-a23e8d7504cb,ed7c7f1f-e068-4eb2-a925-7bb962254a9e,2021-10-17,9f48c982-5a77-4f04-b9ec-963035ef398c,T-shirt,Accessories,3,451.58,East,1354.74
6b7e945c-d270-4228-a8f1-3127c8eeff64,179a77c4-e5a4-4c9e-87a3-a284699001d0,2022-11-21,723522db-21d4-4a2e-be2f-7dbe318d6fd0,TV,Accessories,3,400.05,East,1200.15
dcb05f95-c5dd-4532-b7a2-386f04dc07eb,13c38f5b-3047-4dc9-a228-9a7a0481ce8c,2022-07-30,0b3e3a0b-e6c1-476c-87f5-90f400c50077,Headphones,Clothing,7,93.15,North,652.0500000000001
773c1f0e-a1ac-44d6-89ac-af17b221f5c3,9271e4e0-306b-4b3b-8e74-9cc6a4d539ad,2022-06-10,ebd7ad55-7ab7-4bef-864f-e55d90c44e73,T-shirt,Clothing,10,51.55,South,515.5
c1799518-7a2e-44e3-81e0-3a907346d121,5fee0da0-16b9-4013-ba5c-07199fca3c26,2023-06-02,cd4d4234-2778-4890-8d85-dcab9b564805,T-shirt,Clothing,2,262.57,South,525.14
0a6d3d9d-7c5f-403b-9f41-b2585ae9924c,53661175-962e-4dea-8589-0ff54db9bc70,2022-06-29,976dc6de-187a-42da-ae20-2a41ee158081,Book,Books,7,320.14,East,2240.98
4cc1a3bc-b89e-4e45-ae48-9c2a3cf1d301,90f4eff4-edbb-4728-a846-8e4949c05b09,2021-11-01,65b6bbc2-3685-4365-9466-de28dcfb7dae,Book,Books,7,174.24,South,1219.68
4aba5db6-3c80-456d-9074-ab8ae4179c69,43510e6c-a6b7-49df-83ac-72161da43e3c,2022-04-14,d3ef3dfe-f9fe-44f2-891a-f5fb174f684f,Shoes,Accessories,10,411.03,East,4110.299999999999
65d44ee6-cbbe-4626-99ce-3c5e6f7397b0,a8bc02c5-b41c-451c-b887-84d077dbf615,2022-04-07,6a1529df-a73a-4d3d-b22e-716937809be1,Shoes,Books,8,378.06,South,3024.48
bf9c8538-ea68-4875-a557-2a64bde4e9e5,4165d419-9b57-43cf-b16c-f69f36d7b582,2021-10-14,0c655351-5494-4a07-8ee4-814b1d2b92ff,Laptop,Clothing,9,339.67,East,3057.03
f5962408-9b15-4cda-9957-9321079b1207,73463aaf-9402-4250-95d8-ee454c245871,2023-08-04,f6459b94-5fc8-44f7-8a47-a6a8ac9b252d,Smartphone,Home & Kitchen,5,120.07,West,600.3499999999999
f7fc0afe-74a9-40c5-a8de-bde2a29a8025,1bc2c64e-6908-4eaa-9f56-0d8fcbf8c12b,2022-10-26,8e8ec5b0-6254-47aa-9d3d-117d09c8abde,Headphones,Electronics,9,107.57,West,968.1299999999999
aa3a3bb9-53a8-43ab-b62d-c79ba90d44a1,c5cef894-2cb5-4f6d-bf42-5e27696e1ec7,2022-07-07,8e91b4d0-11d9-43a5-8952-c2f48da9efe2,Blender,Clothing,1,21.97,East,21.97
4e197607-2d4a-4325-97af-4330311c1cc8,8cac5ea5-1e23-4503-9452-a4910716d314,2021-09-18,6867be67-3226-44e2-8246-fd2ccb2ec8b3,Microwave,Clothing,2,129.97,North,259.94
699228fd-c769-4a32-8249-afe4bc8517c5,2e5cdb99-d9ff-41e1-be36-8c7bac5f3717,2022-04-29,e2365c54-ccab-4b5b-9748-b0fe59687b30,Microwave,Electronics,9,242.82,South,2185.38
49fbe7e4-4b76-482d-85fd-41d33cc89265,fb357ffa-7b47-40bc-9297-df6663ae7f46,2023-04-11,ff01a7df-84c8-4cbf-86f7-8803becfae09,TV,Electronics,5,426.37,South,2131.85
4f02a37d-9035-4936-bf32-d5e27ac8291c,21512bbc-ecec-4f6b-9d43-c70fae2170fb,2022-11-14,8f6ceae7-c909-431a-be07-6d78515f770c,Headphones,Accessories,6,45.69,East,274.14
e4af8935-43ac-43ab-b160-902bfecf1394,668930e0-23eb-4da9-98e0-2ba6de914429,2023-06-16,a97eb462-06f6-4fd2-95e2-d4759ea3b0bf,Microwave,Books,2,213.08,North,426.16
e72a6a04-a129-43eb-92b9-d0149eef78a1,ba3b9372-e6ec-4159-893f-a7b8a1c30c87,2022-07-07,66bb5b96-0a39-4da8-9f01-85b75f433910,Book,Electronics,5,318.59,West,1592.9499999999998
7caa50d6-3759-4eaa-8bd5-eafa68aabd87,45b30882-5ff7-4d2d-8593-cc9c280952a1,2021-08-24,54ef83b1-ef8e-4dc3-b2a2-c5da92d47181,Smartphone,Home & Kitchen,7,105.27,North,736.89
a39398cb-cb7f-486a-9416-955ccf8e5902,70c6f1ea-6300-4e3f-a096-1e039b9d4618,2022-07-22,c583e0e4-6644-417b-9eef-2503c9e8ec1f,Smartphone,Accessories,3,351.21,South,1053.6299999999999
93a099e4-5c71-4d33-9b0a-e845ce618d7f,29b5a481-e6bf-41e9-a348-e1cb72e91666,2023-01-20,b98c45d0-cf49-4784-aba7-51a57b5d692c,Laptop,Clothing,8,252.24,West,2017.92
2e88d6c4-ae48-4dfc-bf25-eb50445f63c2,4e86de37-fbbc-494d-9d67-95f8810d52cc,2022-03-10,d93943d7-8a92-4393-b786-8257ea197d47,Microwave,Clothing,1,129.55,East,129.55
6e042c80-1c03-4fa5-a1d7-02dca03741a8,0e8c7b69-8f31-4070-9259-f4caffdeb4c9,2023-02-19,3d376d9e-c7d2-432e-86d8-deb9a91d5dca,Smartphone,Clothing,5,331.47,West,1657.3500000000001
c34a70bf-adbb-4a29-84c6-55ae1b584206,0aaa54eb-93af-401d-b9f8-83cfb5211fb4,2023-08-05,2c2c514c-a34b-4c42-a195-d26d1f7f1a6a,Laptop,Electronics,9,12.72,South,114.48
78f5c45a-bd82-455b-bb57-a9003eb9f737,619ff1bb-c636-415b-9698-9cdc1e446d16,2021-11-09,0e590548-66f1-4d22-a1b8-9c34c7b1354b,Laptop,Clothing,3,377.97,West,1133.91
a3fed9e3-b8ae-4c5a-841a-34d6b4bbf9c7,1823e681-5d14-4021-b8b0-46ee69255ff2,2021-11-18,7e947f9b-3150-4cae-b1c4-30182157b389,Book,Home & Kitchen,9,387.32,North,3485.88
aa333e6b-1063-4444-a89c-ac91a0f72204,305235d3-7329-4bef-8e31-76e99cb56222,2022-12-15,052f8bed-e00c-49ce-a5d4-8662f3671166,TV,Clothing,2,62.23,West,124.46
71b1e072-f148-4394-b126-6e8a4f955268,e1430aa9-ede1-464c-b627-806262738e56,2021-09-16,b4323471-1eeb-40f7-9e23-428d8cc095df,T-shirt,Home & Kitchen,5,218.32,North,1091.6
719b9b37-33a9-4ab1-98f2-3aa18580d5dd,fef64cd2-67ab-402b-bcdd-e8ba817b5149,2022-11-02,4348d96e-12f2-4986-8fea-8ad78cac7593,Shoes,Clothing,9,96.18,South,865.6200000000001
ca6fc0a1-9daa-4825-abfc-b6a76df940b1,693720a0-5eee-4418-a9d9-8ea7277e1ba7,2022-06-04,812c0ed2-23fd-47cd-8688-ad3dd9093df9,Watch,Clothing,10,479.4,South,4794.0
97df5e2c-5c12-4feb-b2da-ff7bf0034c47,5799d80a-cdb2-41e1-9a64-d6673ef68ecc,2023-06-01,1f773dcb-74de-49ab-84dc-e142bb077835,Laptop,Clothing,4,263.8,South,1055.2
6f1c2397-da82-40e9-be5b-438fbf4fb6a2,49b9da34-95fb-404b-b733-442549f45379,2022-08-02,801fdfc0-a460-495a-a036-bbef218b3c38,T-shirt,Electronics,3,34.61,West,103.83
cf86e145-b05f-4951-8357-b7305871f6db,84acfc44-6710-4d7a-997f-665475d77395,2023-05-05,1d41b5d1-0d1e-4999-8c47-05bb1428ecba,Headphones,Books,6,132.11,East,792.6600000000001
6491e166-0cde-46ec-8db1-cad0190a888e,dc5b1e4e-8191-4235-9a57-cac0765173eb,2023-03-26,b1db7054-c489-43d8-9c2d-fda3e96d3be1,TV,Home & Kitchen,3,425.68,West,1277.04
33f677fe-90b3-49ce-8c36-c9428104f4b7,0af1f911-a09c-4555-b943-5ba1479d89b2,2023-05-13,48dbf8cc-7fa6-4079-a705-4033449ca594,Shoes,Clothing,9,233.67,South,2103.0299999999997
deb35129-3180-4413-94ac-c489a450df9e,a1d23455-59e7-48a7-83a8-e98ba8774fc5,2022-07-22,ae6b2dab-1b0d-461b-bfe6-c3139c4ce45e,Smartphone,Books,9,402.69,East,3624.21
4115b687-12aa-469a-ba57-85a2769799e4,5bfacebd-3d76-4413-b9f9-abaf34a680c6,2022-10-23,f6435894-0583-4a14-81e1-6e80add71279,Laptop,Home & Kitchen,1,337.11,South,337.11
12ce81ad-554d-4b85-bf3c-4673e4c16e7e,3d67d5bd-c3cc-4ee6-a12b-d2fcf1cb23be,2022-01-15,91a12e2a-4a8b-485a-b4fd-4a8fed8b2432,Smartphone,Home & Kitchen,10,494.07,North,4940.7
48c2f9ba-9036-408f-aa5c-6aab32050271,9082dbcb-f709-4203-a4d3-59a0298a8d92,2021-11-29,a058a459-ad9d-47bd-969d-79831ae0690f,Watch,Home & Kitchen,6,301.77,South,1810.62
3c07c1af-8ded-4f16-af08-46e4d3d27257,661badc7-db11-407f-96a8-793f89d136c0,2022-01-08,139a0e38-1f7d-4c8a-83f5-c0314c2ddbee,Smartphone,Books,8,475.52,East,3804.16
88107b89-655d-421a-a1ef-ffed75788aef,418aa6c7-16b1-4a7f-ac97-4ecf01ff5042,2023-08-10,ab0907c6-d729-45db-ba24-ac561ec45835,Watch,Accessories,1,446.8,West,446.8
b80fea0f-16d1-4d23-beaf-063482f54465,69dbbae7-0b29-4cd7-a599-bcbacac1ed3a,2022-04-26,315b50ca-a553-4335-890f-f400f2648b92,Microwave,Books,2,310.2,West,620.4
f2a38bc7-f7bd-45c6-be6c-d62a717acd4c,0d323fe6-49fd-4ece-a7e9-a721fb879e66,2021-12-07,dff656ec-3b69-4bd3-8bd4-69d9141f149d,Laptop,Electronics,6,362.44,West,2174.64
9c42c601-f394-49e6-8ca5-7feb96ea888a,b8f372c1-1f3a-4e2f-9285-d6517773d2dd,2023-03-11,a8ae1807-b86e-49f4-8627-2392c9b5718d,Laptop,Books,5,257.34,West,1286.6999999999998
b5e3333d-ea75-46e1-ba81-18ad4147c056,617cd902-e0aa-4529-b26a-131fb6df6065,2021-12-12,5913eba1-fe88-4e9e-91cd-cc53cacd4d7e,Headphones,Home & Kitchen,4,416.98,North,1667.92
86605665-9f33-4f75-acf3-8d63a5c5fbeb,d0b966bd-446f-4991-9d0e-33c816329145,2023-01-07,d29e0a26-3e8d-412e-abe7-0521fc473b21,Microwave,Accessories,1,278.46,North,278.46
a14f9a83-452e-43a3-b991-92a74f2370d9,77900174-8b14-4233-a673-6483cd499371,2023-02-05,d9602208-b0a6-40ff-8561-cb3a7f315c39,Book,Home & Kitchen,4,449.63,East,1798.52
70cf0a77-91b3-445a-9869-e715957f39db,b100a4ee-6fd7-42bb-bf3d-bdd5a2cf4ca6,2022-05-29,e762ea6c-9d02-4466-bd7a-059a0747ffa3,Watch,Books,10,374.39,West,3743.8999999999996
8a3c4c68-a518-443c-a4d7-f1cef0aadb36,f4e59cc1-2469-49d2-92c4-37cd6f6bddd5,2022-08-31,7a9353f1-d6ae-4b5d-83dd-a2ed9a774a20,Headphones,Electronics,2,242.59,East,485.18
396f68fa-ced8-430d-bf1a-3746880b3b0c,a640187d-35d8-40f9-b338-08e6f0332bd4,2022-04-06,9cc001d8-66a3-4f67-827d-03a604b86096,Headphones,Accessories,2,137.0,West,274.0
0d5d52b9-8561-47c4-bc13-9e9627d50d9b,5f9eddd7-429c-479c-bffa-01d7729770d0,2022-05-17,2c96f2e9-26e6-465a-9753-127a00c277a8,Smartphone,Electronics,8,131.15,West,1049.2
9fd0d859-477e-4f9a-99d7-1b8dbcb7da6a,4fa8babc-4edd-441e-b805-9e0f5290b7b3,2023-04-12,735fdcf8-3303-493f-b429-016cbb2e7b4d,Book,Electronics,2,322.45,West,644.9
dbec36d4-f06f-432d-afb8-1d99a3972f8d,e9ab7185-196d-420e-97aa-a6fd131394b4,2022-01-18,6d3d1822-cca9-46e1-a7fa-4d3a4c03d36a,TV,Electronics,9,385.25,South,3467.25
fcfce602-3c7d-45f7-94e8-d5d567c6bd7c,ffa98323-5b08-49ba-a247-ee78b40fbef1,2023-02-10,b0c0fef6-7ec7-426e-a83b-bb2ea96be5ce,Book,Home & Kitchen,3,265.44,South,796.3199999999999
3fafac96-37ac-4cd8-9606-48f34f49c64e,b08dce7e-99a6-4e1a-b65f-65a15d33a75a,2023-02-06,cc0b4b13-7d8e-425b-b7b0-d7d08e4885b5,Blender,Clothing,3,317.11,West,951.33
bbb9e69b-0e26-4bed-b1f2-5d32eb3fba5a,a9b5cb5a-05c5-4a7e-aa0f-8513f739ce93,2022-05-12,f6ddabe0-8cdc-4f34-92e5-5da8ba193b30,Watch,Books,8,144.55,West,1156.4
1f448358-0b35-4730-b926-372d6415ba8f,59cf0095-5564-4f4b-a4d7-c871bc3c0a9a,2022-02-01,394819cb-d70b-4794-8341-c1d556444539,Blender,Clothing,9,47.97,North,431.73
36e50800-ef27-4077-a6e3-6950245de23e,522262c5-31d9-4323-820d-6fa9d81a737f,2022-09-21,b36cae1b-3e8e-4fd7-91df-9adf0426fd8f,Headphones,Accessories,3,150.01,North,450.03
f969c6c1-13b8-42d4-8a36-aea860f96450,fa0d2868-3113-4982-b3f2-8833b0c7dbdc,2023-03-19,bb2f17c2-2d38-47f4-a6d5-aa34fd678abc,Shoes,Electronics,5,143.14,North,715.6999999999999
b82de821-2637-4f4d-8b03-6e6c3524aff9,7d892295-3695-495d-986e-47655a8e7278,2023-05-01,b667cb86-d742-442a-b6e8-552ae513a23e,Microwave,Clothing,9,166.66,South,1499.94
018c6e2c-9c84-45e1-991b-9310c5e174a5,fa89035c-265a-4fba-add2-bf0b540f830c,2022-12-08,5671f6f1-e8c7-456f-bbec-937fa5067b54,Book,Accessories,10,274.67,East,2746.7000000000003
198306d3-340c-41cb-93d1-0fc472f8322a,f62e0043-1eb4-4b8f-abbc-c172968eccb6,2021-09-12,68b39a83-9b4b-4c37-a12c-a08b247cb4b9,Laptop,Clothing,7,77.8,West,544.6
1243f6ca-b197-47e1-8d3c-05cfb09de3f3,f560ce01-928b-4a59-a81e-50f27495f627,2022-08-14,f70cfbae-6093-475c-9e5d-a2956829b556,Shoes,Electronics,4,123.32,North,493.28
609b1642-c9ff-4822-8777-441e94bbc936,a3e0a33d-d1c3-4b26-a220-ef4dc0e582ae,2022-03-16,0f89d3de-8c36-4bb0-9dbc-0c91e45e1c20,Book,Accessories,9,350.04,East,3150.36
8d1c49a7-36c6-4d14-8e1f-e09edc30d58e,18708839-f31f-456a-b3e4-fc2bf0a818b0,2021-10-21,5afb28db-f4e8-4382-86bd-31e80212aa07,TV,Home & Kitchen,4,356.15,East,1424.6
40a8bd85-1aec-4312-9169-3c689cb4e41b,2f3ff374-94e7-4fd3-848f-2a41b7c545ca,2021-11-17,74175561-548d-4b41-9471-7e4e55ff2142,Headphones,Accessories,5,41.47,South,207.35
3f1c36ee-111d-4609-a292-fe2a2dc687f4,204ef537-9d3d-4e7f-b82a-26e3e49c117f,2021-09-03,f14a011c-54b5-4785-9d3e-e0ad3dd0701f,Microwave,Electronics,7,209.72,North,1468.04
8a480b80-ee39-4337-8ca6-23c0c1728f03,44d56aad-e5f0-4bc0-b8bd-d9f566fed76c,2021-11-28,78fb7de4-bd0d-4fc6-93b5-357d53a3ef89,Laptop,Books,6,275.88,South,1655.28
4c1b18c9-1cc2-4a97-ade7-1153d13e4bf3,08b902ea-da8a-49a2-8b6e-7b534e2b0699,2022-12-14,3459b9c2-c8ee-4f2d-a468-478e84f4ed6c,Watch,Clothing,8,213.73,West,1709.84
49302507-67ce-4c05-903c-ceaea5dcea42,24560621-3265-4ba6-b474-906fc46638ac,2022-04-12,6ddd4ce7-ea42-4bd5-bd77-8e0b59e36f8e,Blender,Books,9,111.35,North,1002.15
59fe07cc-ad35-4bd2-bce4-7ca075a73cc0,b86f128a-9e09-4a73-92a9-79b27f4ed037,2021-12-05,6f3e4f99-66cc-4492-a7f1-ec6cdd43aa90,TV,Accessories,8,215.87,North,1726.96
3b35c3b8-d65a-474f-ba56-bde0e55f775e,f832c724-4da2-464b-a7b5-ca42614e9c91,2022-09-24,dd72e547-3617-4aad-aefa-dc78aa69afe8,TV,Books,2,453.37,North,906.74
c9172bcc-80f1-4066-9d7b-310ab3bef9db,eeb2fe5e-f428-475f-b246-4e1e03124d41,2022-06-01,a25d226f-43bb-4421-bd5d-3b225c75807c,Watch,Clothing,4,296.2,East,1184.8
86bcb5c7-be00-417e-a116-698aab94e479,6149ec32-bbf4-46a6-b179-93e2576060ec,2022-09-29,acdc8eef-945b-4837-bf99-42a31fc0797a,Smartphone,Books,4,350.81,South,1403.24
02406387-ff72-4721-93d8-f102e869c4b7,212db29a-9007-4fb0-9a19-60428119d3a9,2021-08-24,847dc674-0769-4779-8815-e75217db1541,Watch,Books,2,429.8,West,859.6
37ea3e2c-c4b2-49eb-a8b9-6af5dc6a7659,ec8fd415-ac00-4d61-b4b8-58ffecb0f189,2022-07-26,594260cb-7866-4fa5-9706-d2c073aaf050,Smartphone,Books,6,385.14,East,2310.84
03e71c3f-6f5e-441b-971d-000721a0651d,190cb4cf-a062-4c59-9114-430d73380d7e,2022-08-18,791f505c-10b8-4b8f-95c1-388126c41b4d,Microwave,Electronics,1,196.39,North,196.39
77550b87-545a-4ab2-b5fc-f3a7baf56ad7,d4ba750b-d4f6-47d5-9f49-d1289ac4938b,2022-10-21,35cf24c4-5f9b-41d5-a88b-6926431c9e62,Shoes,Accessories,10,12.89,East,128.9
015cda0c-7c05-45ab-8438-ac338a7db94c,4542b664-128d-4f91-a862-3c56d5b2ed67,2022-03-26,85de7ace-69e6-44e3-852b-dc6b3cd77f95,T-shirt,Clothing,9,182.36,South,1641.2400000000002
43e5e26a-fafe-4774-8e87-44aa2421f9dd,ab4ea829-af93-4f75-989c-cd72aaf3022c,2023-07-08,3aca0c5d-a131-4db9-aec4-86a6b59fee3b,Book,Clothing,4,379.2,North,1516.8
edc35d31-096c-428b-b672-1ee324f62923,f4abd50f-7c24-467f-8629-f5ffda4e90ef,2022-06-16,91cfd28e-dbfc-4342-94d1-d914cf10de34,Smartphone,Accessories,10,428.19,South,4281.9
18032695-1c2d-47a5-a6c7-46d36f02884a,5c6d3354-1c0e-43ca-9ce6-ebc7e6ff543a,2021-09-27,cae38f0d-4db0-433e-9065-738a3215dc14,Watch,Accessories,4,477.18,West,1908.72
802db28e-f7aa-48fb-a6f6-6917f77a5aa6,49ff0ba7-c68c-4d6a-9186-3413d9466e4e,2022-07-03,3ad8b125-2dcc-4c1f-8640-b1cb9b261a8d,Shoes,Accessories,1,215.32,East,215.32
4e3ff37d-ed52-4b2f-8e98-0d5356a4f13b,c58f10c1-bcb0-45c3-9543-37b32a0c69c5,2022-09-22,0ce6a778-0e99-47bf-b535-6a4566af46e9,T-shirt,Clothing,2,376.28,East,752.56
a7802fdf-9159-45df-9b85-c625f3c5319b,6518f821-de31-4bbf-9a9a-e150e835a263,2021-11-24,44a65e88-5d0d-49f3-8784-4e094028f712,T-shirt,Home & Kitchen,1,277.6,South,277.6
6a103efc-f361-4836-bff8-bff445d66da7,ca3e62a8-5ea1-4915-b673-667f4760510c,2022-12-21,e5e2d993-ff04-4edb-9c0b-1aba25561bd7,Laptop,Books,4,305.59,East,1222.36
f1a7c533-e75f-49d2-bb0c-13a6238acf18,e669ed09-2263-41d9-8868-151bda9f063c,2022-07-05,a7e00c54-23bd-49c3-b0ae-f85706ba71f3,Smartphone,Home & Kitchen,2,118.06,East,236.12
c92b0508-79f7-4f04-b524-a4e2403a6615,7bafd499-7806-43a2-a851-6e05d270b59a,2023-05-17,6ddbcfd7-6725-48a9-9061-6237a41d8490,TV,Accessories,1,117.52,North,117.52
b62e890a-4399-409c-910a-911be5cd8571,b1e4dfe9-35e2-4813-abcd-c457887dcf45,2022-03-08,a7130b55-38d6-4beb-998c-1f44e1522898,Book,Home & Kitchen,6,223.56,West,1341.3600000000001
3222011b-a19e-449d-ac86-06582f456458,ac9de56b-6e4f-4038-a262-cb2e9892b09f,2023-02-14,10c440b4-c97a-45be-851c-a9e45ed1168a,Watch,Home & Kitchen,2,24.22,North,48.44
f70e25f6-3f33-47cc-acb9-5a12ccf9fab8,275dce20-71a0-44e1-bf0b-5a005fd7c8c6,2022-12-31,ef14bf82-3d80-4bf4-9a9b-df8b4a4fdc4f,TV,Home & Kitchen,9,174.7,South,1572.3
32922260-0ed8-4d8b-954e-c12d169f7779,10e08f28-90ea-402e-8615-99830f2672e9,2023-03-07,9c606eb4-e3d8-484f-aabe-b7ae59103936,Watch,Home & Kitchen,4,342.78,North,1371.12
affbe497-3166-419b-b677-5aa32398a3a6,664a48e3-e724-4cb2-8b9c-023b4d8170c7,2021-09-16,0a509fb1-0510-41d4-a9a3-abb9a3a6ae2a,Book,Books,5,208.12,East,1040.6
45a2118e-e574-4242-bd70-d0a62f0b2a3f,1c7b15a0-2f03-459e-a655-0773286899fa,2023-01-29,ad3656d2-e345-4016-9628-e65d826b3b07,T-shirt,Home & Kitchen,8,90.87,South,726.96
c771fd56-518f-441f-85b8-50e793ca3c6c,860ba316-01e3-4c6d-9320-c455234ee0d6,2022-04-13,42ea5c69-b496-42f4-914b-4672fbfba87d,Book,Accessories,4,239.02,West,956.08
5dab43f1-ce54-48a7-8cb7-6a084eb432e0,9375d2a0-6a75-4192-9030-02e187ee37ad,2022-05-22,26592f79-9a9f-4958-a1a8-1022248fabd1,Microwave,Home & Kitchen,9,72.54,North,652.86
7c2a0ac8-0b8c-4fee-a21b-0369a2005e44,4a600a5f-d76a-4b6d-9b6d-554c99ac7a31,2021-09-13,3dd1a167-423e-44a2-bc23-3c92cd77e492,Blender,Clothing,3,314.91,West,944.73
30eddfcb-9503-461b-b35a-1d486697f11b,b129d529-a7fa-47aa-b800-173643b8cfee,2022-11-08,0ef77d83-d4a6-467c-a154-2e99b294478a,T-shirt,Clothing,10,23.21,South,232.10000000000002
d53673fb-0594-4377-8da3-1ce41543fc60,ac07fe8d-bbaa-489d-a641-e0e28afad1b4,2022-03-15,d1f60c8d-8fad-411b-ac37-dc40abb636cc,Headphones,Home & Kitchen,10,203.07,North,2030.6999999999998
f5608211-97ee-43a7-b5fa-6dd07759c909,a176f54e-d625-468e-90fa-419bc24a853e,2023-08-18,39c160f6-bebe-4c51-83cc-a66a952dc9b2,Headphones,Clothing,8,286.55,East,2292.4
637d8012-9206-499b-8fd0-0ff6c605f34d,6b956647-d205-4bf3-bdd6-456b564bcaca,2023-07-02,5f0466e5-029a-4742-9650-c9ed787a1df1,Smartphone,Home & Kitchen,4,23.28,East,93.12
696580e0-c0d4-43b9-9999-bfe0e07e94e0,182f2782-e4b6-4f87-8355-9543f9647084,2023-02-19,6c8fa093-0fd6-444e-8bd1-c7e918108d31,Smartphone,Electronics,8,324.95,South,2599.6
c5626743-7866-4307-8c65-bff49e23f15f,37acbc3f-9fb5-49c4-9049-65bd411f6679,2023-03-11,7cb7090b-8d07-409b-a4bc-fd3b1b94ce94,Smartphone,Home & Kitchen,7,76.49,West,535.43
2421f690-c8bc-4cf0-ae96-63d5e43b999d,68941e4b-949c-420c-a540-3e8dd987d9a0,2022-08-27,048b3549-00c2-457a-b33c-0d56b60ca353,Shoes,Clothing,4,236.23,South,944.92
533caa4d-a690-4340-bc6b-8a3532a05fcb,72cf6d04-2379-45b7-9483-c4669f7007aa,2022-06-23,04535727-f4ff-4dd2-b7b6-b56ecef31a7e,Watch,Clothing,2,34.64,South,69.28
eaac1c2a-698d-4ddc-b73a-5a177aefca7d,febdc861-1a53-4df8-b9e4-93720e8c59d4,2023-07-04,3e267002-3480-457a-a806-7627b2ddb4fa,Smartphone,Books,2,195.76,South,391.52
da7e059e-63b1-4d11-8a30-f62d46448ce1,dd5b2b1c-99e1-4d2d-9c88-5954a3052379,2021-08-29,4e8023bd-1fe1-484d-a186-ee8084777ed3,TV,Home & Kitchen,7,113.71,West,795.9699999999999
53fccf49-aff5-40aa-beff-47e4d6a4b66d,518df98f-c9be-48b6-97cd-5ad2c0cf04ad,2021-08-31,6306a227-9546-4a68-bbb1-1a99c6bd65c5,TV,Home & Kitchen,6,170.15,South,1020.9000000000001
34747f7e-b424-4801-b037-fed711503d2c,2e007cb6-9421-43f2-8a0d-f9d4c4e5cd30,2022-01-07,803f7e9c-84c2-48c6-9f18-0c5b0bd24cff,Laptop,Accessories,7,383.0,West,2681.0
34f33310-a289-4bb1-886b-d9cfcd0ebd59,523a69fd-7e16-4695-8acd-3410312b0328,2022-09-06,f48271d1-01d3-4223-b6e4-20819b424597,Blender,Accessories,7,195.77,West,1370.39
c8d04cb9-0885-483f-a02d-784109875a34,58953c0c-7904-4764-bb35-70c6e6ec8c39,2023-07-01,f500e34d-60af-4a0f-9b9e-59debe68b44c,Microwave,Electronics,8,378.48,North,3027.84
b12e7eae-26aa-48c1-977c-7abccef14014,fdabc60a-473c-41f7-b518-2891af0cf9a5,2023-06-22,116838dd-142b-47f8-8ee8-a3ed394eb5a7,T-shirt,Accessories,1,417.64,North,417.64
e9f8fe3f-c43d-4686-8b36-b58f179f50a5,526cb44c-b771-41c2-88bc-5bc8d1faea05,2021-12-22,94fc8039-0e3f-49d5-b711-fd69339d0592,Headphones,Accessories,2,133.61,South,267.22
20eeae09-a922-4d6c-b4a0-987fbc72a720,9da687b0-f428-4cdd-88c3-0d42ba4c3ce6,2023-07-24,6c14868d-2cfa-4101-b479-3e8e2e05fe33,Headphones,Books,1,50.13,West,50.13
906dd39e-4dc2-4bb7-9d98-e34dc601b03e,3cf7ffff-3235-4c81-82ae-a37d3f808c9b,2022-10-07,297f26dc-ff8c-4735-84f5-4ab140f640fc,Blender,Home & Kitchen,7,19.5,South,136.5
9e8afcf2-4099-4810-be8d-9631ac4d2ec8,311cd611-e8f3-4886-8e10-288f59639856,2023-03-10,3ccf57e2-8d13-4588-aadf-07c52dfa7a6f,Headphones,Clothing,6,274.32,South,1645.92
c36aa3f3-929a-46af-8134-0150978aa0e6,3db94652-24ea-4fdd-aeef-0125264c0198,2023-05-06,65986b35-3c05-4fdf-bc76-c2f1322d0d68,Microwave,Accessories,2,499.95,West,999.9
dae223a0-85ef-4359-9998-ae48668a4808,1c26b253-b21a-4c4b-b03e-12bc2a527df4,2022-08-08,e5b5ca5b-ba39-42ad-a7b5-b0473306da44,TV,Clothing,4,181.48,North,725.92
1a5cf76f-352d-4301-a57c-66e420421eac,71efac22-73b3-4cb5-ba68-6e1caa5e20cc,2022-11-15,d3e146ad-f745-435b-8544-c5e859919067,Headphones,Clothing,4,328.57,East,1314.28
bcb27815-9ff6-46e2-a13f-bee505a0e87f,80b52f92-f96c-4e53-80db-636c86926f70,2023-06-27,2084cbb2-152d-43fb-be63-9d3ba463627f,Microwave,Home & Kitchen,4,392.8,North,1571.2
a0192138-0800-4939-b036-13a82599133d,c5135899-40b6-450f-a780-564c9df5166d,2021-09-14,c7afe5ab-33ba-4e0d-8cfc-04eb63254061,Book,Clothing,9,329.36,East,2964.2400000000002
dcc58a19-8597-48ee-a552-cdb00ad16bec,cd7b7d2e-8f59-4f2a-9296-86ed18d009f1,2023-03-10,cfd99d21-eb7c-4e47-8f72-52c2a2ede5dd,Microwave,Electronics,8,379.57,North,3036.56
29a26cb5-57ee-4b76-8b05-ea1e827a41b6,bd8e7928-d401-4519-b114-c9ca9d4730a3,2022-12-11,3612d90f-8bca-4dae-8d37-6e57d01c07f8,Shoes,Electronics,3,475.31,West,1425.93
a3e962b5-d415-4263-9baf-115751e8e139,0e958e8f-9512-44d2-b098-3b2de76c083b,2023-04-23,9835b42c-041d-4e0e-9fe1-b0a37645f8fd,Laptop,Books,7,107.69,East,753.8299999999999
05e67c5a-acdc-4d73-baba-10331cad41fd,6c4113ae-ce0f-4dea-90ca-158159db4d23,2022-08-08,4b3bc474-c765-49af-a509-7baa3a9c1570,Blender,Home & Kitchen,3,19.99,North,59.97
8035ca8a-c8af-486e-a53a-f92ee18f4965,120a8bbb-562d-4ef4-8355-57b5f612965d,2023-08-12,e6e670ec-7e5a-478a-af64-5aac73c9d902,Shoes,Accessories,5,84.67,South,423.35
0939a935-e6ad-48e7-8a0f-5864274643e5,f49e7308-7215-41b0-9a8c-41891eb4e05a,2021-08-22,cf2cd282-6a77-4a38-9547-cc02be1a7acb,Microwave,Clothing,8,71.85,North,574.8
66b8f7eb-7a5e-4df6-a1d2-59737db97022,e822da0b-fcf2-407e-b029-ab3053b25d5e,2023-01-10,861a22cc-eb68-47c3-9e2f-cc1bed2443b8,T-shirt,Clothing,4,338.03,South,1352.12
674094fc-d072-4692-af4c-13b60a66618a,12943e74-c3ee-47bf-8da7-abf26633a3cf,2021-12-11,54025bd0-64cd-4dc4-8d26-03e3d8519660,Book,Home & Kitchen,2,286.35,North,572.7
e5f22586-0118-4e53-bcb9-dfe8e1fdccaa,c234e903-a7a4-4186-898a-e9fb57a2e165,2023-07-13,a4c4dc1f-b80d-4f3f-a3e6-a5c3afee234d,Watch,Accessories,8,116.8,East,934.4
307afe16-4adb-4bef-aa62-f3578147a222,59493e64-6000-4542-bed8-ed74ad1ec189,2023-05-14,6bfdfeb2-31a2-46cc-902c-74d170f0840d,Laptop,Accessories,9,352.74,West,3174.66
1f5f3248-0eba-4974-abcc-643c23b2be46,1b851580-67b5-439f-bc07-9a11a8de3e98,2022-04-27,bc13c064-32b6-4012-88de-11673edb391e,Laptop,Electronics,2,385.78,South,771.56
b671b7f4-5f46-42d6-97bb-ae6db6bafea4,653925dd-49cf-4867-80ab-0dd012e21c27,2023-03-29,0024fd83-f949-4b15-9207-9c6c1f4fe4e5,T-shirt,Books,1,92.22,West,92.22
c86cb9cf-6a6b-4260-bde4-f4ba1c487411,ff2b5c2d-2d1b-4761-bcb7-173bf7eba2d8,2021-10-27,790d65a5-6de7-4b08-92b5-b8d2510b97ae,Blender,Clothing,9,307.55,North,2767.9500000000003
da50babb-1689-421d-8f2d-594d706196e6,68e62ee6-db2d-4583-8fca-0168a0068839,2023-08-10,5fd72a9b-2532-4db6-acfc-0cd8162fe8c7,TV,Books,1,376.48,West,376.48
89b83e53-158b-423a-abcc-6ed41f26caed,7f4965fe-fdcf-49b6-963b-34a193aad3b0,2022-11-09,e776359f-2e7d-431f-9b14-80b098faea87,Shoes,Electronics,2,66.12,East,132.24
81bc746c-308f-4b61-979b-bd19d6b27899,58f450a0-4ea1-4850-b4a7-6adec614976e,2022-09-19,998a80a5-a33f-4e49-b2c2-e8c19d4bcf6c,Microwave,Accessories,4,411.46,East,1645.84
0c38d306-d544-4434-a8fb-e854c755f209,9793946f-efdc-4ac7-bdff-542ccfb875dd,2022-10-02,223072f4-1bbe-415f-bc00-095d4260c06d,Microwave,Electronics,3,482.71,South,1448.1299999999999
d86354cd-8a57-4892-ac2f-4be39430cc9f,97216225-7120-44de-9b7c-24066a7712ab,2023-06-01,55339bc3-fbfa-436c-a092-c851276fe442,T-shirt,Electronics,7,62.97,East,440.78999999999996
558e2c64-921e-4fdf-b86b-b11b402813e6,45835879-d7f3-4d5d-8996-fa2f89dd76e4,2022-05-07,8afc50b9-3c84-4af8-8b8f-8daeeece2e7f,Watch,Accessories,8,22.58,East,180.64
8944c486-e087-4142-9732-37b80df44f0a,0ef454c6-42cc-4b5d-8672-4c55a01ed4c0,2021-09-21,1c2a5328-4cb1-4be1-8821-c77f1aed886f,Watch,Accessories,8,162.86,East,1302.88
745dd3bd-9eb6-422f-953c-f4c6af7e3b62,81bb233f-36ad-4b79-8a60-f133e4bc59d7,2023-05-24,34ba5992-8ee0-4643-ad20-6c206b59e632,Laptop,Home & Kitchen,4,341.9,South,1367.6
01329251-44d2-4ed4-b3cb-0d6b13a4712f,9a880ee8-0895-4ebb-a163-9ab3938eb677,2023-02-16,6d20c350-f990-444e-bb67-4cd3ff108f20,Laptop,Accessories,7,479.5,North,3356.5
f3eff09e-b200-4aae-ae53-c0d305d071b5,506a2f0e-6171-4f65-81cb-91c05bbe8404,2022-10-13,e1f72b05-7e52-4898-af72-270891401a0b,Book,Accessories,1,204.36,East,204.36
7ff29158-0625-430a-8d80-f16a55dd9ec5,ff3b15f3-2adb-4d4d-bbf4-5e9ad2c79291,2021-10-14,69c0ca41-2ae4-4d36-bab1-82525369308d,Smartphone,Home & Kitchen,3,360.36,East,1081.08
0889a357-59c6-4b2c-b0b7-bacc4605afe1,3bcf65c2-56c1-4d71-bbdb-270a1fa1994b,2022-03-19,3676ae42-e0ab-48a7-aa5b-3a3431e7f479,Shoes,Clothing,7,47.24,East,330.68
92e38912-a1b8-4bbf-8c0b-23625e73def5,56fda39f-218a-4fd4-ae5b-a542aaee12fc,2023-05-28,669aef43-034b-4070-8159-463034029536,Smartphone,Accessories,1,348.4,East,348.4
eecbe804-8dfa-4504-924c-b60105a7d712,e785ad2a-ed34-468f-9f0c-564c9e4c360a,2022-10-25,f935596a-3568-45e4-81c1-13e69b180465,Microwave,Electronics,7,317.35,East,2221.4500000000003
766ee0f0-355f-465c-921c-87ce8596e2e0,1d3c5823-488a-4e45-ba42-04d0dc521cba,2021-09-08,4e259d2c-0624-487c-aed2-bb104bc37ee7,Laptop,Electronics,5,59.93,West,299.65
7c63fa06-942d-43b2-916f-84f75382e933,ec27f7c9-ebf5-4a0b-8fad-6d75fd42495d,2022-10-05,d1c7920f-79d2-4bad-8c37-0aeb1e9714fb,Laptop,Home & Kitchen,8,388.52,West,3108.16
3db10d47-614b-43f8-ae53-12b82ad3a5c6,4e937b4a-8e29-42c0-ba01-e3bf09e01ea6,2023-07-29,713b5c1e-ad13-4367-8072-1e2278ac596c,TV,Books,5,426.64,South,2133.2
122e0ee7-959d-4d95-ac57-6c1f4629a466,2bb122ea-4884-4c15-8a1a-3e5e88356976,2023-08-15,40e2e806-ef41-4267-b0a5-5036a0c30d32,TV,Electronics,7,304.2,West,2129.4
f9e1b0a8-ad6c-4f36-b8af-266546da58c1,d728f0f8-8233-443e-8542-4e42d5a89772,2023-07-10,a417aa16-5d36-4c3e-ad8d-14a135f03cb4,Headphones,Home & Kitchen,9,69.32,West,623.8799999999999
0e03da9b-bd36-4323-8ccf-d41e083ac478,dec08e60-b9a2-49fe-a432-1a9fc3c102f5,2021-10-26,1ca49bf6-8423-46f4-bc1c-b31846f223cc,TV,Clothing,8,492.08,East,3936.64
7c8c1058-238a-456b-913f-61eedd6f00f4,543abf86-6350-4c35-b57e-f9bc4b47a12a,2021-11-22,ce337d5f-9fb6-4459-a6bd-8c3bb73b0aa0,Microwave,Books,3,393.49,South,1180.47
005612ec-5aea-48d6-9a6d-cdf0f538f4da,45bdc419-ef3e-492a-8cae-8608ef60c31b,2022-06-03,a2973945-db64-4d01-8310-eab8bd2c59aa,Watch,Clothing,4,180.13,West,720.52
8856d6b7-021d-484f-a2db-90b0ef43677a,72084d0c-f463-419a-8ba2-c6d43482e033,2023-01-23,1bc641f4-3a0b-4fe6-a038-2e1df7c9ea78,T-shirt,Accessories,5,219.91,South,1099.55
4704215b-bb84-4b79-abf9-5486e6e04eb9,ab3ac85f-04b6-409a-b68a-be3cec41e93f,2022-06-12,5420bb9c-ce28-4fcc-8b7a-6a1d6b9a4e5b,Blender,Books,4,191.58,East,766.32
e5912002-8dd3-48ed-a9a2-a7b36af745cc,5bdacd6b-e2b5-4153-821b-f5fcc7864a53,2022-04-12,3e0e11d3-b8fc-465f-877d-9445fc3711f7,Smartphone,Electronics,1,257.92,South,257.92
071a5eae-6920-4a39-a05c-1574183862de,2daba3ed-f912-4334-a7e4-e84e5083f581,2022-06-17,15bac275-bd58-4803-8f75-64698d34583c,Headphones,Electronics,10,177.2,South,1772.0
d060716c-dd54-46ce-9120-5c01e82ec0bf,2901a783-639e-475f-8f09-0899c4745102,2022-11-11,8bb75f2e-601c-4cae-9e56-e1bd770464fc,TV,Clothing,9,426.29,East,3836.61
ae4d74e3-be45-4855-bf17-2d904653b367,a0411b8d-07af-45f8-a0f0-57bf86936b87,2023-08-12,3e42915a-6c49-45b6-abbe-bc60a5b4757f,T-shirt,Electronics,1,412.94,East,412.94
2f5e4991-81f0-4038-bdfe-84a6154f4081,a93a8cc7-27b4-4836-80e4-87ec7407a434,2022-12-27,2718e801-5bd5-49f5-81f4-14218d1679fd,Watch,Clothing,6,61.71,East,370.26
da53f31e-e37f-419e-90ce-13eac5db2cc8,bbcc3eff-9c7f-47a0-94a1-a6b02ad248b3,2022-03-17,3caddcdb-dfce-4ac3-86a0-40a4d673950c,Watch,Electronics,1,480.79,West,480.79
6c3df3c7-e7e2-47a8-ab37-7464ffc89271,257e59a3-4698-4b23-8c4e-fa8e21e7ce73,2022-11-11,1b45ef1f-91b3-43e7-b3c1-1991799f57eb,Laptop,Clothing,1,321.44,West,321.44
391e0195-6724-4e5c-b6d9-58711faebfc2,d85dc096-b9f1-42bc-aebc-02fd3b100183,2022-03-25,cd2ab892-262c-455a-8f2f-f2ff0687c460,Laptop,Electronics,10,416.07,South,4160.7
9d63f0fc-321d-496b-9201-9ded2b1602f3,12ee9677-8a1e-422b-b30d-42eedaa821a4,2023-05-14,3abe533d-90b6-4a5c-bb39-e38fd736876c,T-shirt,Clothing,8,356.58,East,2852.64
02167aaa-8387-4e7e-b1fe-30c87b9a52ed,a11b8708-02a9-47b0-b44e-0e1664f6d744,2022-07-29,f7f0327d-5865-4eae-ba98-0ee2afbf2486,Laptop,Electronics,9,223.39,South,2010.5099999999998
9de6d749-bc1a-4f63-8757-540c365ffd59,935f74ac-969e-4380-8bdd-5b4a8327d9d5,2023-07-10,fb73599c-4f21-45b9-8cea-c53d52549f5c,TV,Books,9,369.56,West,3326.04
27f66fe3-4095-4968-ab1c-4df37d7d1226,e32a5029-bfac-43f2-bd53-0d0554e5b5ec,2022-12-02,53be4d00-6353-4bfe-b5cc-f75157032bb2,Shoes,Electronics,3,483.08,West,1449.24
1014f7ec-3fdf-4788-bcb8-fc3b407f341e,d3de66f5-6fe6-4332-b2b7-7e4573c543eb,2022-12-16,8895b789-13e3-40bf-9c8d-aa9aa0424796,Laptop,Home & Kitchen,1,142.34,East,142.34
756e721a-2c69-4981-acae-29b1c6655c6c,591a60ce-0b67-4bef-abf8-59936de26541,2023-07-02,fcc93521-49fe-4762-b424-c9731742e360,Blender,Books,9,406.02,East,3654.18
7b2b70c3-e630-4f53-884f-63854fd43dd7,4cd741cc-5f85-4cdf-93c2-4823f080b92d,2022-12-17,66a96a60-0350-4f12-a32c-f5b94f8f0757,Microwave,Electronics,2,273.7,East,547.4
af5660e9-a381-46e7-958b-cfb2f7b33f65,83bb2656-1033-4ece-a151-970b99b5a3c8,2021-10-06,27e66daf-4151-4f1b-baf5-a539ef14d79b,Book,Clothing,3,246.91,North,740.73
b9a0c0ad-4e18-4c60-91d1-17a1ab8e9243,e1ed9f9f-420c-40ae-a7e0-8514bc718353,2021-09-11,c8d9370e-8b1a-4a35-867e-9eac5b8d6a39,T-shirt,Electronics,2,223.43,West,446.86
a3d30750-3cf3-4a5a-8425-4f59b35cc249,494639a2-3a52-4ce0-8346-9e3745ea5b6f,2022-02-01,53266dda-693e-4491-b582-3a56cc877ac4,Watch,Books,10,368.2,South,3682.0
ee94589d-a1de-4581-972a-154bd9f6231d,51029dd7-c374-4114-be47-9f730bc6b42e,2022-10-27,7c19b40e-e8a3-45eb-9c73-234e62b4b3e1,T-shirt,Accessories,2,141.51,West,283.02
ceee7238-b6b9-46ea-bcd2-4bf3a9b8e3c7,94d022ee-849f-4bb1-b2a7-a793742c5efe,2022-06-04,9e5a1076-400f-4acf-baa9-cc5ba7e03477,T-shirt,Accessories,4,427.34,North,1709.36
d7f242bc-7e48-4c33-baba-1f7efe1b6676,aa754c58-0f5f-4142-9b5b-b3bd2e1891a9,2021-08-29,bb04dea4-12be-4fd1-8161-992dd6e28fa8,Smartphone,Home & Kitchen,7,417.06,North,2919.42
7e35c78b-c18e-4fc8-814d-caf4810c1a5a,f035396e-9ac4-4ed3-b294-1e0e86eeeeac,2021-09-08,83fc4e00-b847-4679-8acb-2ba6b8506b43,Book,Books,2,52.46,North,104.92
0960b6ba-a96f-41ae-880a-24b9391e7218,893d9707-1bdd-4a33-8b73-23e8a525fb36,2021-08-29,f53f5b3f-5264-4057-a800-d2c6c051c9e2,Headphones,Accessories,10,442.0,West,4420.0
daf53bae-043b-44ea-9bb0-8099569c889b,7296a172-edc0-43ca-999c-8abc27f004ae,2022-10-27,6795070a-282c-412e-8ca9-afa1386697cc,Laptop,Electronics,4,129.49,North,517.96
64b5b29f-8dc5-4a45-ab8c-78c150be6fdd,e0552407-29c8-4868-bd17-0ba128db53ed,2023-06-16,03a4c25a-b4aa-48ac-a265-c923136e8aac,Microwave,Electronics,10,237.71,South,2377.1
3064144b-9301-417d-89cd-38155f645c9f,79c28a89-f90c-4019-aff2-f553aac20ee6,2022-08-12,d5c99f96-ffaa-4f5d-868b-03e11840f9c8,Laptop,Books,10,309.06,East,3090.6
c4e9ae0e-8c5e-4ff3-9061-35dd210c724a,93975ed3-3798-4d92-922a-8a212ac9fa47,2023-04-23,7c24a329-2b26-4514-9af7-71b9b9f63572,Headphones,Electronics,1,195.7,East,195.7
75a2b517-b414-40fd-bc5c-cbfe4f9459ac,356dc52e-893b-49e0-b3c6-c7ed05d0a28e,2023-04-11,47575a50-732d-445e-857d-16b102b28ec0,Blender,Electronics,10,24.06,West,240.6
58c9f1f0-99eb-43ad-9b7d-90342ed2369d,926a7a9f-45fb-4706-90dc-ec5eb8fda859,2023-04-08,63f90e62-77b8-404b-96ef-c3c9a2adc8eb,Laptop,Electronics,2,426.97,East,853.94
654c9b13-3b6d-41b2-8c8d-9c57295eac9d,3a084014-9f7c-4a0d-9440-a788f16ce764,2023-05-17,5fc93982-35be-4248-8945-4d1dcf70873e,Microwave,Accessories,7,99.1,South,693.6999999999999
64a4bc45-4782-4164-91e3-a0c8f9710768,171a42ef-26b0-4dba-a5e7-419dd07829cb,2022-04-16,0d8d0c08-0224-43a0-b5d6-1125c005b884,T-shirt,Books,10,113.94,West,1139.4
ad18daf7-69d4-49f5-8772-47bff16c1e06,de1251cc-bf92-43db-b78c-afd6b5b026b5,2023-04-23,ee09eef7-1b13-4ddf-bace-2340b9135bfd,Blender,Accessories,10,400.94,West,4009.4
bd09fe79-45ca-42ae-91e0-42f3ee1ca4a3,86914770-c648-46e3-afa4-40bea03503ea,2022-07-22,f228c120-3539-4a1c-a282-131903514cd2,Smartphone,Books,9,176.77,North,1590.93
5742ffdd-fdb0-4141-930f-9b8530aca3b5,8ca51e0d-d30a-4304-94a6-c9c7b73423a7,2021-11-20,f1922d5b-9e76-45ab-9207-e15e38529a4f,Headphones,Books,6,441.36,North,2648.16
351c6f1c-82f5-4a28-9a5a-acd6fc871614,e8d5b771-a5c1-4af4-9e9f-85457a5c7459,2022-08-15,3a97e87a-0e51-491d-a39c-2d94df5dd797,T-shirt,Electronics,5,353.58,South,1767.8999999999999
8261583c-46a9-47ef-baf1-c65c2322e9e9,5b7eba5d-e05b-4fb0-95ff-e98487fdbed3,2022-12-04,f26f9675-6287-4e8e-94ec-7ac139900dcd,Smartphone,Accessories,4,145.37,East,581.48
d5be2224-6e04-4b85-b610-6b696b5738e8,6ca2b444-4197-4392-95c5-a6a8dd33d955,2023-03-28,33fdc91d-92f0-4c6a-9406-e05c5bc272f6,Shoes,Accessories,6,14.97,North,89.82000000000001
2007d93c-01a3-4c6a-b115-947d3c6ff5a9,cda7e2a4-9a03-4e44-93f4-8bf6cf88c778,2022-05-12,ad18a501-c409-4f62-a4fc-e90e7d610e4b,Laptop,Books,4,474.55,South,1898.2
5ea2ddb3-0d22-4280-a714-fb329b59079c,0da3a5a3-fbcf-45f8-896a-4c9b0faad49c,2022-07-11,19a7b3f8-ceec-4376-a39b-c43eead0d956,TV,Books,5,51.95,West,259.75
cba0db15-47f2-442d-a8a8-c2c26d1d3575,40b6a156-080a-4438-9b5f-ef77fb3401a3,2022-11-21,6d35dead-6cbf-410a-ab25-aa3d63d9f329,Smartphone,Electronics,7,362.84,North,2539.8799999999997
e3775783-9662-4c0c-b642-7c46be1cfe96,b702eddd-9bd8-4372-8c4d-4fd915da2570,2023-08-13,0e75bfc0-34c5-4d45-b274-c3a20fd90808,TV,Clothing,3,249.4,East,748.2
6692a0a6-a5bf-4fba-b8c7-2ed9bffba086,42a88561-5846-4d65-9205-49e6f7b28736,2022-09-02,451dc1ba-77fe-45f1-a1e9-f52eaa370003,T-shirt,Accessories,5,381.5,North,1907.5
177b43a1-8812-454a-9c35-121de49da56f,4656ed91-c8f1-4cc6-bafe-cfc7d75dd2e7,2023-01-28,c2514f92-d672-441f-ae1b-711423a6d82d,Watch,Books,8,348.4,East,2787.2
a1879680-3160-410b-bdbd-38b94c0c27e6,257d6f2d-911b-43f2-b1a1-6a1fa5934386,2021-10-02,26420d2a-66b2-43d4-8e2e-cf4b9c6bb541,Smartphone,Accessories,6,326.49,South,1958.94
2ae8b9d8-9bb2-4af1-8f4e-8ab3abaabfe3,b60c828e-5131-4535-b4a1-ed5b92ba0354,2023-05-30,f15f47d8-385d-46a9-aa27-d9efe391d5f7,Headphones,Electronics,2,250.5,East,501.0
844fc1e6-c99a-40a7-b7bc-8ba5415e8970,aa18f9d8-dc26-4cfe-b3b2-de7dbfa14cb1,2022-06-04,8f94ba58-a3ae-4ad4-a50b-99f3aac09dfd,Headphones,Electronics,1,398.54,South,398.54
5bcfcd38-9531-4d00-9bbf-6fe139f97451,636819d1-fde3-474f-a008-15a41afce6c7,2022-10-04,dc2cd289-bbf3-4a31-86e0-fbfd62dc1be5,Headphones,Clothing,8,55.6,North,444.8
64b6aa00-8dfe-404d-bbd0-cc2b982ba903,948ed854-d5a2-4efb-aa1d-29e74cd61b61,2023-03-22,275a4544-c77d-440e-ac94-5077fbf86b86,Laptop,Electronics,10,118.58,South,1185.8
7dfeee27-c4ac-4542-8190-5093052de8e7,b04ad1ce-6bc9-4a63-9c78-e5fcb6558916,2023-03-25,ba4df7de-e407-4299-8c6b-99f2ea67e128,Laptop,Home & Kitchen,10,348.98,East,3489.8
bd6a4102-8e42-472d-acf8-7bbfbb91007d,cb10ad87-b6bf-4123-a5e8-0eedca620e20,2022-04-14,5932cbfb-8c75-4a9a-8b77-bdc1e9b27ea8,T-shirt,Electronics,2,160.04,North,320.08
c327fff1-6b89-4959-8f55-b13ca749956a,ccecf113-c908-433a-9107-4d1f53add931,2023-03-28,2e556dde-64fa-4cbf-a045-4b83d3f15381,T-shirt,Home & Kitchen,2,294.96,South,589.92
d8937f9c-9c2f-4d4c-90c7-3861df1d9b77,e1bdd7e1-4269-4ec5-bb2e-048c78667f76,2022-10-01,9daf6fc8-6636-427d-9ba2-46b4db38a99c,Book,Electronics,9,241.9,North,2177.1
7975ecf8-49fe-42d3-b70b-48bc058d793e,f969d406-ac34-43fa-a797-6e8a9bca84fa,2023-01-27,e0d52d49-e527-4dde-bbed-d6d2c3643991,Microwave,Accessories,4,270.15,North,1080.6
41fdbde7-3e77-499c-9ca5-a2db3280fd6f,c8539d5d-431a-425c-ba4e-3b7c10ef7310,2021-09-14,022e763e-6a20-4ab0-ad25-0b75b15e8442,TV,Accessories,9,218.5,North,1966.5
2ad81e81-b163-49ec-a97d-738d7aea6d2a,9d9441c3-a2a3-4f2d-81f2-7b108debc2b2,2023-01-16,7f11978d-e380-43c5-b804-8172aa996118,Headphones,Books,5,375.51,West,1877.55
d4cfe585-0d9f-4c10-9841-5687260209f2,be2c8a5b-b20f-4222-a307-c3e02b69ccba,2023-03-07,0e3701cb-8d68-453f-bed1-33ea5dd2237a,Book,Electronics,3,172.09,South,516.27
d7e6c299-25e6-416e-a90c-7046ce593abc,2a3d5790-cc54-4231-8241-e70df62500f9,2023-02-14,dac75c3f-6425-4b59-84ea-2fa107872deb,Smartphone,Books,6,354.4,East,2126.3999999999996
fb6278ef-6df7-498e-bfc7-8a4122882a2f,00eade15-aee6-4656-894c-489856666895,2022-12-16,30a5ae5b-2fd0-436b-b289-18bf97b04577,TV,Home & Kitchen,2,142.75,West,285.5
e2f2250b-109f-4da8-84ed-95630a34a0c5,379c7c32-a490-42dc-9911-e46ba2f8aef6,2021-11-30,f5f6a65a-19ab-4987-baf4-1bc7260f8cbc,Microwave,Accessories,4,133.19,South,532.76
72122c9d-0c4d-4afe-9260-0b67e9c6aba0,3a3424e6-a3ac-4bcc-8c29-e76a4957ccc9,2021-12-07,4f181833-ec27-4f5d-a612-091fdcda957e,Watch,Books,6,69.12,West,414.72
f93b5cd9-1c0f-4097-9c35-8c0b542ec157,27a7b91e-bfd5-4184-b2ab-664d82d78a45,2023-03-05,04ec24d8-237a-492b-8c31-6b5dc36fc91c,TV,Clothing,5,104.37,West,521.85
1d1c9e71-2c07-423c-9417-c8669b22b279,7165bdda-91c9-4659-a6a2-0258d3ed898c,2022-11-08,742f3d53-35e9-49a3-b0d6-f7629e5d43b4,Shoes,Electronics,3,68.58,West,205.74
04e780a1-dcff-4fc5-8f2a-7ed055f27220,0dd488eb-1a58-4d81-b8dc-2e57721fcbf6,2021-12-27,8ffddd2d-b8dc-4efc-9933-7569143000aa,Laptop,Clothing,8,272.57,West,2180.56
c9cecd58-8abd-4039-ba2b-c7073ac5e081,b6c7f793-85a0-4440-b9a6-ec50f654f470,2021-08-24,06ba5653-8542-40e5-9b10-d3b7baa7eae1,T-shirt,Home & Kitchen,9,383.47,South,3451.2300000000005
05c7f661-8d82-4866-a5cb-fe407cceed7a,710178e7-22c9-49a1-b7c6-dce0d894d60a,2021-09-27,8b4d1582-4544-45ae-b4e1-9df470e70b35,Shoes,Accessories,5,100.72,East,503.6
beaa317f-2501-4eed-af90-5b5decfab267,5fa0e291-b73d-4386-bbfb-4a0c778019e9,2022-09-28,9974ae15-f327-4436-9d31-183f5748c912,Book,Clothing,10,116.03,East,1160.3
8394dcf1-a06f-435a-be1d-be0b18c78713,81bb90e8-c5e9-4a1f-a4e1-b4eb36c4b739,2022-01-21,f7dda20c-ebc9-4a19-8ed5-2009cf14e482,Shoes,Books,9,247.26,South,2225.34
bd0efaae-a0b9-4632-ae08-ec9c3dc4c2f1,ed5e5039-75f3-479d-bdd1-1f0cab897166,2022-08-26,a8af7ff0-7eb9-4726-80b1-3fbfb923b02d,Laptop,Home & Kitchen,1,365.05,South,365.05
cbcd44ff-507a-4350-9a7a-525c11c5c380,0cba2ed5-b1bb-4e85-ab21-6120b88613b5,2023-04-12,718d3895-7bfc-48bb-9a90-5e17dc387be4,Microwave,Electronics,9,488.54,North,4396.860000000001
ae0761ee-b1a9-4479-bbd9-e6ecf42ee2e4,b747e123-adea-48a5-9f70-280f693cd8b0,2022-09-15,c4486452-63c0-4091-ae48-d4413739ba14,TV,Accessories,5,267.07,East,1335.35
d9195a2a-5cd0-41b8-9fda-fc89e8017bf9,8bba0530-7818-43be-aa74-3bc13ebda10c,2023-07-05,e09ae61e-d84e-4035-abfa-ec44f79f6ee7,Watch,Electronics,2,148.67,North,297.34
d994c2fa-3655-41a8-b557-1175fc350fbc,7a683b08-44dc-44b7-bfa6-1173d1fe1f3b,2022-11-12,9a839a2c-90db-4110-9c68-cb45adeb09ea,Laptop,Clothing,3,59.26,North,177.78
2f7be31f-843b-4e79-8687-3e98c66af4b0,b3ad39ff-3bbc-4436-9a29-a0991ce3cf4c,2023-04-17,a89e0c20-81b0-4f4f-b23a-f519dd05c6e7,Shoes,Clothing,5,105.12,North,525.6
968380c4-44a0-4386-9905-d14d00f9a746,76d5e631-d3ca-4c44-b8bb-c03a9f80d5a4,2021-10-06,95d858ed-071b-4e3a-99b4-0b4008c2438a,Blender,Accessories,2,121.47,North,242.94
744b678e-1644-409f-8440-3fd9680c4bfa,865f541c-2746-4f2d-a4cb-d1263bd4c3b7,2022-02-21,2da63b7e-7a67-4447-a4d7-a532584cc39d,Book,Clothing,2,97.93,South,195.86
06c05130-32ed-4563-9aff-58d2ce4d8537,8c172c35-d149-41de-ab9f-925ae0a75f36,2022-04-12,642394d7-0811-4017-a13d-051c3aa7ca79,TV,Home & Kitchen,9,16.93,West,152.37
2c16bfdf-3bb1-43cb-8bd1-446572f16ba5,8a40ddbe-f44b-411b-8b38-3c088bc87626,2022-10-29,b4982398-6d0b-4d3e-8195-fc2d29965644,Watch,Clothing,3,271.73,East,815.19
3325f616-d5c3-4af0-bced-28bf55a60ab5,43f3449c-b106-4779-8632-f511853a8ccf,2021-09-10,fede7018-d11f-49dc-a233-ac48bceb784d,T-shirt,Home & Kitchen,5,144.41,North,722.05
83d8a0a5-485c-4971-921c-47446da985b2,ece11ec5-d3c3-4cc1-ac3e-471f753a15d6,2022-01-25,1c4712ef-e519-44ce-9d3b-15f18199ff62,Laptop,Clothing,5,487.4,East,2437.0
70223bc1-5bc4-4719-87b7-4e86b9bbe7e4,f403ecd4-b15a-4af9-8d7a-05bee258b714,2023-03-04,c9e971c4-fbc9-4b18-aee8-1bddefd1f972,T-shirt,Books,10,281.15,East,2811.5
8e37dbff-4fea-46eb-b5f5-1b18bc2b89aa,4a8c2b5b-0348-40a0-a513-6a937493ad46,2022-11-04,667cbd80-11b7-418b-bc5c-4bcd70f5f45b,Headphones,Electronics,4,351.73,East,1406.92
1dcc9200-bef9-4dbc-b280-29692f70ae8d,a9240ee1-85f5-4077-8554-62b163c940ee,2022-07-28,c168f80e-546f-45c8-9c55-a19622e71287,Laptop,Books,6,71.88,East,431.28
ed9e9ece-1c6e-44df-9c02-bf70f39902ab,135ce148-01b0-48af-8372-f45fd4e518a4,2022-01-04,2ca539e7-6bb7-4ad0-8132-73a34c6346af,TV,Home & Kitchen,4,435.55,South,1742.2
0b0a82bf-f4ed-4c33-b6bf-6abcac6aa713,327333eb-9fde-495b-be58-a0b554e16ea2,2023-02-03,28fd5c74-2392-4938-b2e8-a76a4a4c8f4b,Book,Electronics,5,250.53,East,1252.65
eb94cd48-0610-449f-9002-58bae9c1816b,5f3345e0-aa9a-4913-8b37-38ca87e29124,2021-11-07,767bbb9c-bb9e-4eb4-8efa-42bd859741b5,Headphones,Clothing,9,437.63,East,3938.67
83d258bf-5c94-4bc6-8994-2b4e663a6e39,142c7c19-4bd4-4000-bd8d-e24324f05f1d,2022-02-01,b060a19c-f91b-4f83-b73a-b8db73965840,TV,Electronics,8,291.29,North,2330.32
93e1ea48-e5d3-4934-93ed-9f2f99234299,8bf578b5-1ffe-44a1-b275-0b3ac932b3cf,2023-02-16,20b798fe-12e4-4fc1-8d00-83084dd0116b,Blender,Accessories,5,240.0,West,1200.0
9ac454e6-70c4-4e1d-988b-fc5b4836c441,822a7d43-e0f8-4c78-aa65-eb9acc1367bb,2022-03-15,7f2c6d55-ee41-42b0-8e01-cb59d18da1eb,Shoes,Electronics,1,225.83,North,225.83
